{
    "results": {
        "tool": {
            "name": "pytest",
            "version": "8.4.1"
        },
        "summary": {
            "tests": 2,
            "passed": 2,
            "failed": 0,
            "skipped": 0,
            "pending": 0,
            "other": 0,
            "start": 1783342949.7389495,
            "stop": 1783342949.7575579
        },
        "tests": [
            {
                "name": "test_outputs.py::test_report_exists",
                "status": "passed",
                "duration": 0.0004860329995608481,
                "start": 1783342949.7550974,
                "stop": 1783342949.7561605,
                "retries": 0,
                "file_path": "test_outputs.py"
            },
            {
                "name": "test_outputs.py::test_report_nonempty",
                "status": "passed",
                "duration": 0.0002987240004586056,
                "start": 1783342949.7563288,
                "stop": 1783342949.7570827,
                "retries": 0,
                "file_path": "test_outputs.py"
            }
        ]
    }
}